"","from","to","num_pixels"
"1",7324,5324,869713
"2",7124,5124,126095
"3",4324,7324,123110
"4",7334,5324,102835
"5",4324,5324,69978
"6",5324,7324,52732
"7",5334,5324,51371
"8",5124,7124,49217
"9",4334,4324,34865
"10",4124,7124,32113
"11",5324,4324,26230
"12",4124,5124,16305
"13",7224,8224,16056
"14",5424,7424,13207
"15",5234,5224,11738
"16",5334,7324,10049
"17",5434,5424,7686
"18",4424,7424,7502
"19",4334,7324,7175
"20",7334,7324,6980
"21",7234,7224,5927
"22",2234,2224,5255
"23",5134,5124,5054
"24",7224,5224,4527
"25",7324,4324,4330
"26",2334,2324,4269
"27",7124,8124,3761
"28",4424,5424,3189
"29",7424,5424,2760
"30",8334,8324,2695
"31",4434,4424,2454
"32",8434,8424,2203
"33",5124,4124,2200
"34",5224,8224,1888
"35",8234,8224,1742
"36",5224,7224,1647
"37",4334,5324,1438
"38",5224,4224,1296
"39",7434,7424,979
"40",2434,2424,914
"41",7224,2224,892
"42",4234,4224,886
"43",8224,7224,871
"44",8224,5224,785
"45",7424,8424,676
"46",5124,8124,663
"47",4224,5224,650
"48",7124,4124,634
"49",8124,5124,520
"50",5224,2224,517
"51",8224,2224,483
"52",5134,4134,482
"53",5424,4424,422
"54",5124,2124,371
"55",9334,9324,364
"56",7124,2124,346
"57",3124,5124,333
"58",4224,7224,310
"59",8234,5224,282
"60",9234,9224,276
"61",5324,2324,263
"62",5334,4324,253
"63",4134,4124,247
"64",8424,5424,242
"65",7324,8324,236
"66",5324,8324,231
"67",8324,5324,221
"68",9224,3224,217
"69",4324,2324,206
"70",7224,3224,201
"71",8124,2124,197
"72",7434,8424,177
"73",5224,3224,157
"74",5424,10424,134
"75",5424,8424,133
"76",9124,10124,129
"77",7124,3124,127
"78",10234,10224,124
"79",3224,5224,120
"80",5124,10124,114
"81",5124,3124,110
"82",5424,2424,99
"83",7424,2424,92
"84",4124,3124,90
"85",9124,8124,87
"86",7124,10124,86
"87",7334,4324,86
"88",5434,7424,80
"89",3224,7224,75
"90",10424,9424,74
"91",7224,9224,72
"92",5224,10224,71
"93",3124,10124,68
"94",10124,7124,68
"95",3224,2224,66
"96",7134,7124,63
"97",10334,10324,63
"98",10424,7424,60
"99",5434,8424,59
"100",5124,9124,57
"101",7224,4224,56
"102",2134,2124,53
"103",8434,5424,53
"104",5234,2224,48
"105",5234,10234,47
"106",8424,7424,47
"107",9434,9424,47
"108",9224,8224,45
"109",4224,2224,43
"110",5134,10134,43
"111",7324,2324,43
"112",10224,7224,43
"113",4434,5424,41
"114",7424,10424,39
"115",8334,4324,39
"116",3124,7124,38
"117",8124,7124,33
"118",7224,10224,31
"119",9124,5124,30
"120",9224,2224,29
"121",10124,9124,28
"122",5324,10324,27
"123",9224,10224,25
"124",10424,3424,25
"125",10434,10424,25
"126",3224,8224,24
"127",5334,8324,23
"128",8224,4224,23
"129",8234,4224,22
"130",3324,5324,21
"131",8224,10224,21
"132",9424,2424,21
"133",4124,10124,20
"134",8224,9224,20
"135",9224,7224,20
"136",10224,9224,20
"137",5234,3234,19
"138",7434,5424,19
"139",3134,10134,17
"140",4424,8424,17
"141",8324,7324,17
"142",9324,5324,17
"143",3234,3224,16
"144",4124,9124,16
"145",7134,5134,16
"146",8224,3224,16
"147",9424,10424,16
"148",8424,2424,15
"149",5324,9324,14
"150",9424,7424,14
"151",3224,9224,13
"152",3424,2424,13
"153",7324,10324,13
"154",3424,7424,12
"155",5224,9224,12
"156",9324,7324,12
"157",10224,3224,12
"158",3334,3324,11
"159",4434,8424,11
"160",8124,3124,11
"161",9124,3124,11
"162",10424,4424,11
"163",4324,3324,10
"164",9124,7124,9
"165",9224,5224,9
"166",10424,5424,9
"167",5334,10324,8
"168",7134,10134,8
"169",4124,2124,7
"170",4334,8324,7
"171",5424,3424,7
"172",5424,9424,7
"173",10134,5134,7
"174",10224,8224,7
"175",10234,7234,7
"176",2224,8224,6
"177",3124,4124,6
"178",3124,9124,6
"179",3224,4224,6
"180",4234,2224,6
"181",7324,3324,6
"182",7324,9324,6
"183",7424,3424,6
"184",8334,5324,6
"185",8424,4424,6
"186",10324,4324,6
"187",7124,9124,5
"188",7234,2224,5
"189",7434,4424,5
"190",8234,2224,5
"191",8324,4324,5
"192",8434,4424,5
"193",10224,4224,5
"194",10334,7324,5
"195",3424,5424,4
"196",4324,8324,4
"197",4424,2424,4
"198",4434,7424,4
"199",9424,5424,4
"200",10224,2224,4
"201",10324,7324,4
"202",5324,3324,3
"203",5434,10424,3
"204",10134,7134,3
"205",2224,5224,2
"206",2224,7224,2
"207",3124,2124,2
"208",3234,9224,2
"209",4134,5124,2
"210",4324,10324,2
"211",4424,10424,2
"212",5334,9324,2
"213",7334,10324,2
"214",7424,4424,2
"215",7424,9424,2
"216",8124,10124,2
"217",9134,9124,2
"218",10224,5224,2
"219",10234,3234,2
"220",10234,5234,2
"221",2424,7424,1
"222",3234,10234,1
"223",4224,3224,1
"224",4224,8224,1
"225",4224,10224,1
"226",4234,10224,1
"227",5134,7134,1
"228",5434,2424,1
"229",7234,3234,1
"230",8124,9124,1
"231",8324,9324,1
"232",8334,7324,1
"233",8424,9424,1
"234",9124,2124,1
"235",9324,10324,1
"236",10124,3124,1
"237",10124,4124,1
"238",10124,5124,1
"239",10234,4234,1
"240",10234,9234,1
"241",10424,2424,1
"242",2124,2134,0
"243",2124,2224,0
"244",2124,2234,0
"245",2124,2324,0
"246",2124,2424,0
"247",2124,3124,0
"248",2124,3134,0
"249",2124,3224,0
"250",2124,3234,0
"251",2124,3324,0
"252",2124,3424,0
"253",2124,4124,0
"254",2124,4134,0
"255",2124,4224,0
"256",2124,4234,0
"257",2124,4324,0
"258",2124,4424,0
"259",2124,5124,0
"260",2124,5134,0
"261",2124,5224,0
"262",2124,5234,0
"263",2124,5324,0
"264",2124,5424,0
"265",2124,7124,0
"266",2124,7134,0
"267",2124,7224,0
"268",2124,7234,0
"269",2124,7324,0
"270",2124,7424,0
"271",2124,8124,0
"272",2124,8224,0
"273",2124,8324,0
"274",2124,8424,0
"275",2124,9124,0
"276",2124,9134,0
"277",2124,9224,0
"278",2124,9234,0
"279",2124,9324,0
"280",2124,9424,0
"281",2124,10124,0
"282",2124,10134,0
"283",2124,10224,0
"284",2124,10234,0
"285",2124,10324,0
"286",2124,10424,0
"287",2134,2224,0
"288",2134,2234,0
"289",2134,2324,0
"290",2134,2424,0
"291",2134,3124,0
"292",2134,3134,0
"293",2134,3224,0
"294",2134,3234,0
"295",2134,3324,0
"296",2134,3424,0
"297",2134,4124,0
"298",2134,4134,0
"299",2134,4224,0
"300",2134,4234,0
"301",2134,4324,0
"302",2134,4424,0
"303",2134,5124,0
"304",2134,5134,0
"305",2134,5224,0
"306",2134,5234,0
"307",2134,5324,0
"308",2134,5424,0
"309",2134,7124,0
"310",2134,7134,0
"311",2134,7224,0
"312",2134,7234,0
"313",2134,7324,0
"314",2134,7424,0
"315",2134,8124,0
"316",2134,8224,0
"317",2134,8324,0
"318",2134,8424,0
"319",2134,9124,0
"320",2134,9134,0
"321",2134,9224,0
"322",2134,9234,0
"323",2134,9324,0
"324",2134,9424,0
"325",2134,10124,0
"326",2134,10134,0
"327",2134,10224,0
"328",2134,10234,0
"329",2134,10324,0
"330",2134,10424,0
"331",2224,2124,0
"332",2224,2134,0
"333",2224,2234,0
"334",2224,2324,0
"335",2224,2424,0
"336",2224,3124,0
"337",2224,3134,0
"338",2224,3224,0
"339",2224,3234,0
"340",2224,3324,0
"341",2224,3424,0
"342",2224,4124,0
"343",2224,4134,0
"344",2224,4224,0
"345",2224,4234,0
"346",2224,4324,0
"347",2224,4424,0
"348",2224,5124,0
"349",2224,5134,0
"350",2224,5234,0
"351",2224,5324,0
"352",2224,5424,0
"353",2224,7124,0
"354",2224,7134,0
"355",2224,7234,0
"356",2224,7324,0
"357",2224,7424,0
"358",2224,8124,0
"359",2224,8324,0
"360",2224,8424,0
"361",2224,9124,0
"362",2224,9134,0
"363",2224,9224,0
"364",2224,9234,0
"365",2224,9324,0
"366",2224,9424,0
"367",2224,10124,0
"368",2224,10134,0
"369",2224,10224,0
"370",2224,10234,0
"371",2224,10324,0
"372",2224,10424,0
"373",2234,2124,0
"374",2234,2134,0
"375",2234,2324,0
"376",2234,2424,0
"377",2234,3124,0
"378",2234,3134,0
"379",2234,3224,0
"380",2234,3234,0
"381",2234,3324,0
"382",2234,3424,0
"383",2234,4124,0
"384",2234,4134,0
"385",2234,4224,0
"386",2234,4234,0
"387",2234,4324,0
"388",2234,4424,0
"389",2234,5124,0
"390",2234,5134,0
"391",2234,5224,0
"392",2234,5234,0
"393",2234,5324,0
"394",2234,5424,0
"395",2234,7124,0
"396",2234,7134,0
"397",2234,7224,0
"398",2234,7234,0
"399",2234,7324,0
"400",2234,7424,0
"401",2234,8124,0
"402",2234,8224,0
"403",2234,8324,0
"404",2234,8424,0
"405",2234,9124,0
"406",2234,9134,0
"407",2234,9224,0
"408",2234,9234,0
"409",2234,9324,0
"410",2234,9424,0
"411",2234,10124,0
"412",2234,10134,0
"413",2234,10224,0
"414",2234,10234,0
"415",2234,10324,0
"416",2234,10424,0
"417",2324,2124,0
"418",2324,2134,0
"419",2324,2224,0
"420",2324,2234,0
"421",2324,2424,0
"422",2324,3124,0
"423",2324,3134,0
"424",2324,3224,0
"425",2324,3234,0
"426",2324,3324,0
"427",2324,3424,0
"428",2324,4124,0
"429",2324,4134,0
"430",2324,4224,0
"431",2324,4234,0
"432",2324,4324,0
"433",2324,4424,0
"434",2324,5124,0
"435",2324,5134,0
"436",2324,5224,0
"437",2324,5234,0
"438",2324,5324,0
"439",2324,5424,0
"440",2324,7124,0
"441",2324,7134,0
"442",2324,7224,0
"443",2324,7234,0
"444",2324,7324,0
"445",2324,7424,0
"446",2324,8124,0
"447",2324,8224,0
"448",2324,8324,0
"449",2324,8424,0
"450",2324,9124,0
"451",2324,9134,0
"452",2324,9224,0
"453",2324,9234,0
"454",2324,9324,0
"455",2324,9424,0
"456",2324,10124,0
"457",2324,10134,0
"458",2324,10224,0
"459",2324,10234,0
"460",2324,10324,0
"461",2324,10424,0
"462",2334,2124,0
"463",2334,2134,0
"464",2334,2224,0
"465",2334,2234,0
"466",2334,2424,0
"467",2334,3124,0
"468",2334,3134,0
"469",2334,3224,0
"470",2334,3234,0
"471",2334,3324,0
"472",2334,3424,0
"473",2334,4124,0
"474",2334,4134,0
"475",2334,4224,0
"476",2334,4234,0
"477",2334,4324,0
"478",2334,4424,0
"479",2334,5124,0
"480",2334,5134,0
"481",2334,5224,0
"482",2334,5234,0
"483",2334,5324,0
"484",2334,5424,0
"485",2334,7124,0
"486",2334,7134,0
"487",2334,7224,0
"488",2334,7234,0
"489",2334,7324,0
"490",2334,7424,0
"491",2334,8124,0
"492",2334,8224,0
"493",2334,8324,0
"494",2334,8424,0
"495",2334,9124,0
"496",2334,9134,0
"497",2334,9224,0
"498",2334,9234,0
"499",2334,9324,0
"500",2334,9424,0
"501",2334,10124,0
"502",2334,10134,0
"503",2334,10224,0
"504",2334,10234,0
"505",2334,10324,0
"506",2334,10424,0
"507",2424,2124,0
"508",2424,2134,0
"509",2424,2224,0
"510",2424,2234,0
"511",2424,2324,0
"512",2424,3124,0
"513",2424,3134,0
"514",2424,3224,0
"515",2424,3234,0
"516",2424,3324,0
"517",2424,3424,0
"518",2424,4124,0
"519",2424,4134,0
"520",2424,4224,0
"521",2424,4234,0
"522",2424,4324,0
"523",2424,4424,0
"524",2424,5124,0
"525",2424,5134,0
"526",2424,5224,0
"527",2424,5234,0
"528",2424,5324,0
"529",2424,5424,0
"530",2424,7124,0
"531",2424,7134,0
"532",2424,7224,0
"533",2424,7234,0
"534",2424,7324,0
"535",2424,8124,0
"536",2424,8224,0
"537",2424,8324,0
"538",2424,8424,0
"539",2424,9124,0
"540",2424,9134,0
"541",2424,9224,0
"542",2424,9234,0
"543",2424,9324,0
"544",2424,9424,0
"545",2424,10124,0
"546",2424,10134,0
"547",2424,10224,0
"548",2424,10234,0
"549",2424,10324,0
"550",2424,10424,0
"551",2434,2124,0
"552",2434,2134,0
"553",2434,2224,0
"554",2434,2234,0
"555",2434,2324,0
"556",2434,3124,0
"557",2434,3134,0
"558",2434,3224,0
"559",2434,3234,0
"560",2434,3324,0
"561",2434,3424,0
"562",2434,4124,0
"563",2434,4134,0
"564",2434,4224,0
"565",2434,4234,0
"566",2434,4324,0
"567",2434,4424,0
"568",2434,5124,0
"569",2434,5134,0
"570",2434,5224,0
"571",2434,5234,0
"572",2434,5324,0
"573",2434,5424,0
"574",2434,7124,0
"575",2434,7134,0
"576",2434,7224,0
"577",2434,7234,0
"578",2434,7324,0
"579",2434,7424,0
"580",2434,8124,0
"581",2434,8224,0
"582",2434,8324,0
"583",2434,8424,0
"584",2434,9124,0
"585",2434,9134,0
"586",2434,9224,0
"587",2434,9234,0
"588",2434,9324,0
"589",2434,9424,0
"590",2434,10124,0
"591",2434,10134,0
"592",2434,10224,0
"593",2434,10234,0
"594",2434,10324,0
"595",2434,10424,0
"596",3124,2134,0
"597",3124,2224,0
"598",3124,2234,0
"599",3124,2324,0
"600",3124,2424,0
"601",3124,3134,0
"602",3124,3224,0
"603",3124,3234,0
"604",3124,3324,0
"605",3124,3424,0
"606",3124,4134,0
"607",3124,4224,0
"608",3124,4234,0
"609",3124,4324,0
"610",3124,4424,0
"611",3124,5134,0
"612",3124,5224,0
"613",3124,5234,0
"614",3124,5324,0
"615",3124,5424,0
"616",3124,7134,0
"617",3124,7224,0
"618",3124,7234,0
"619",3124,7324,0
"620",3124,7424,0
"621",3124,8124,0
"622",3124,8224,0
"623",3124,8324,0
"624",3124,8424,0
"625",3124,9134,0
"626",3124,9224,0
"627",3124,9234,0
"628",3124,9324,0
"629",3124,9424,0
"630",3124,10134,0
"631",3124,10224,0
"632",3124,10234,0
"633",3124,10324,0
"634",3124,10424,0
"635",3134,2124,0
"636",3134,2134,0
"637",3134,2224,0
"638",3134,2234,0
"639",3134,2324,0
"640",3134,2424,0
"641",3134,3124,0
"642",3134,3224,0
"643",3134,3234,0
"644",3134,3324,0
"645",3134,3424,0
"646",3134,4124,0
"647",3134,4134,0
"648",3134,4224,0
"649",3134,4234,0
"650",3134,4324,0
"651",3134,4424,0
"652",3134,5124,0
"653",3134,5134,0
"654",3134,5224,0
"655",3134,5234,0
"656",3134,5324,0
"657",3134,5424,0
"658",3134,7124,0
"659",3134,7134,0
"660",3134,7224,0
"661",3134,7234,0
"662",3134,7324,0
"663",3134,7424,0
"664",3134,8124,0
"665",3134,8224,0
"666",3134,8324,0
"667",3134,8424,0
"668",3134,9124,0
"669",3134,9134,0
"670",3134,9224,0
"671",3134,9234,0
"672",3134,9324,0
"673",3134,9424,0
"674",3134,10124,0
"675",3134,10224,0
"676",3134,10234,0
"677",3134,10324,0
"678",3134,10424,0
"679",3224,2124,0
"680",3224,2134,0
"681",3224,2234,0
"682",3224,2324,0
"683",3224,2424,0
"684",3224,3124,0
"685",3224,3134,0
"686",3224,3234,0
"687",3224,3324,0
"688",3224,3424,0
"689",3224,4124,0
"690",3224,4134,0
"691",3224,4234,0
"692",3224,4324,0
"693",3224,4424,0
"694",3224,5124,0
"695",3224,5134,0
"696",3224,5234,0
"697",3224,5324,0
"698",3224,5424,0
"699",3224,7124,0
"700",3224,7134,0
"701",3224,7234,0
"702",3224,7324,0
"703",3224,7424,0
"704",3224,8124,0
"705",3224,8324,0
"706",3224,8424,0
"707",3224,9124,0
"708",3224,9134,0
"709",3224,9234,0
"710",3224,9324,0
"711",3224,9424,0
"712",3224,10124,0
"713",3224,10134,0
"714",3224,10224,0
"715",3224,10234,0
"716",3224,10324,0
"717",3224,10424,0
"718",3234,2124,0
"719",3234,2134,0
"720",3234,2224,0
"721",3234,2234,0
"722",3234,2324,0
"723",3234,2424,0
"724",3234,3124,0
"725",3234,3134,0
"726",3234,3324,0
"727",3234,3424,0
"728",3234,4124,0
"729",3234,4134,0
"730",3234,4224,0
"731",3234,4234,0
"732",3234,4324,0
"733",3234,4424,0
"734",3234,5124,0
"735",3234,5134,0
"736",3234,5224,0
"737",3234,5234,0
"738",3234,5324,0
"739",3234,5424,0
"740",3234,7124,0
"741",3234,7134,0
"742",3234,7224,0
"743",3234,7234,0
"744",3234,7324,0
"745",3234,7424,0
"746",3234,8124,0
"747",3234,8224,0
"748",3234,8324,0
"749",3234,8424,0
"750",3234,9124,0
"751",3234,9134,0
"752",3234,9234,0
"753",3234,9324,0
"754",3234,9424,0
"755",3234,10124,0
"756",3234,10134,0
"757",3234,10224,0
"758",3234,10324,0
"759",3234,10424,0
"760",3324,2124,0
"761",3324,2134,0
"762",3324,2224,0
"763",3324,2234,0
"764",3324,2324,0
"765",3324,2424,0
"766",3324,3124,0
"767",3324,3134,0
"768",3324,3224,0
"769",3324,3234,0
"770",3324,3424,0
"771",3324,4124,0
"772",3324,4134,0
"773",3324,4224,0
"774",3324,4234,0
"775",3324,4324,0
"776",3324,4424,0
"777",3324,5124,0
"778",3324,5134,0
"779",3324,5224,0
"780",3324,5234,0
"781",3324,5424,0
"782",3324,7124,0
"783",3324,7134,0
"784",3324,7224,0
"785",3324,7234,0
"786",3324,7324,0
"787",3324,7424,0
"788",3324,8124,0
"789",3324,8224,0
"790",3324,8324,0
"791",3324,8424,0
"792",3324,9124,0
"793",3324,9134,0
"794",3324,9224,0
"795",3324,9234,0
"796",3324,9324,0
"797",3324,9424,0
"798",3324,10124,0
"799",3324,10134,0
"800",3324,10224,0
"801",3324,10234,0
"802",3324,10324,0
"803",3324,10424,0
"804",3334,2124,0
"805",3334,2134,0
"806",3334,2224,0
"807",3334,2234,0
"808",3334,2324,0
"809",3334,2424,0
"810",3334,3124,0
"811",3334,3134,0
"812",3334,3224,0
"813",3334,3234,0
"814",3334,3424,0
"815",3334,4124,0
"816",3334,4134,0
"817",3334,4224,0
"818",3334,4234,0
"819",3334,4324,0
"820",3334,4424,0
"821",3334,5124,0
"822",3334,5134,0
"823",3334,5224,0
"824",3334,5234,0
"825",3334,5324,0
"826",3334,5424,0
"827",3334,7124,0
"828",3334,7134,0
"829",3334,7224,0
"830",3334,7234,0
"831",3334,7324,0
"832",3334,7424,0
"833",3334,8124,0
"834",3334,8224,0
"835",3334,8324,0
"836",3334,8424,0
"837",3334,9124,0
"838",3334,9134,0
"839",3334,9224,0
"840",3334,9234,0
"841",3334,9324,0
"842",3334,9424,0
"843",3334,10124,0
"844",3334,10134,0
"845",3334,10224,0
"846",3334,10234,0
"847",3334,10324,0
"848",3334,10424,0
"849",3424,2124,0
"850",3424,2134,0
"851",3424,2224,0
"852",3424,2234,0
"853",3424,2324,0
"854",3424,3124,0
"855",3424,3134,0
"856",3424,3224,0
"857",3424,3234,0
"858",3424,3324,0
"859",3424,4124,0
"860",3424,4134,0
"861",3424,4224,0
"862",3424,4234,0
"863",3424,4324,0
"864",3424,4424,0
"865",3424,5124,0
"866",3424,5134,0
"867",3424,5224,0
"868",3424,5234,0
"869",3424,5324,0
"870",3424,7124,0
"871",3424,7134,0
"872",3424,7224,0
"873",3424,7234,0
"874",3424,7324,0
"875",3424,8124,0
"876",3424,8224,0
"877",3424,8324,0
"878",3424,8424,0
"879",3424,9124,0
"880",3424,9134,0
"881",3424,9224,0
"882",3424,9234,0
"883",3424,9324,0
"884",3424,9424,0
"885",3424,10124,0
"886",3424,10134,0
"887",3424,10224,0
"888",3424,10234,0
"889",3424,10324,0
"890",3424,10424,0
"891",4124,2134,0
"892",4124,2224,0
"893",4124,2234,0
"894",4124,2324,0
"895",4124,2424,0
"896",4124,3134,0
"897",4124,3224,0
"898",4124,3234,0
"899",4124,3324,0
"900",4124,3424,0
"901",4124,4134,0
"902",4124,4224,0
"903",4124,4234,0
"904",4124,4324,0
"905",4124,4424,0
"906",4124,5134,0
"907",4124,5224,0
"908",4124,5234,0
"909",4124,5324,0
"910",4124,5424,0
"911",4124,7134,0
"912",4124,7224,0
"913",4124,7234,0
"914",4124,7324,0
"915",4124,7424,0
"916",4124,8124,0
"917",4124,8224,0
"918",4124,8324,0
"919",4124,8424,0
"920",4124,9134,0
"921",4124,9224,0
"922",4124,9234,0
"923",4124,9324,0
"924",4124,9424,0
"925",4124,10134,0
"926",4124,10224,0
"927",4124,10234,0
"928",4124,10324,0
"929",4124,10424,0
"930",4134,2124,0
"931",4134,2134,0
"932",4134,2224,0
"933",4134,2234,0
"934",4134,2324,0
"935",4134,2424,0
"936",4134,3124,0
"937",4134,3134,0
"938",4134,3224,0
"939",4134,3234,0
"940",4134,3324,0
"941",4134,3424,0
"942",4134,4224,0
"943",4134,4234,0
"944",4134,4324,0
"945",4134,4424,0
"946",4134,5134,0
"947",4134,5224,0
"948",4134,5234,0
"949",4134,5324,0
"950",4134,5424,0
"951",4134,7124,0
"952",4134,7134,0
"953",4134,7224,0
"954",4134,7234,0
"955",4134,7324,0
"956",4134,7424,0
"957",4134,8124,0
"958",4134,8224,0
"959",4134,8324,0
"960",4134,8424,0
"961",4134,9124,0
"962",4134,9134,0
"963",4134,9224,0
"964",4134,9234,0
"965",4134,9324,0
"966",4134,9424,0
"967",4134,10124,0
"968",4134,10134,0
"969",4134,10224,0
"970",4134,10234,0
"971",4134,10324,0
"972",4134,10424,0
"973",4224,2124,0
"974",4224,2134,0
"975",4224,2234,0
"976",4224,2324,0
"977",4224,2424,0
"978",4224,3124,0
"979",4224,3134,0
"980",4224,3234,0
"981",4224,3324,0
"982",4224,3424,0
"983",4224,4124,0
"984",4224,4134,0
"985",4224,4234,0
"986",4224,4324,0
"987",4224,4424,0
"988",4224,5124,0
"989",4224,5134,0
"990",4224,5234,0
"991",4224,5324,0
"992",4224,5424,0
"993",4224,7124,0
"994",4224,7134,0
"995",4224,7234,0
"996",4224,7324,0
"997",4224,7424,0
"998",4224,8124,0
"999",4224,8324,0
"1000",4224,8424,0
"1001",4224,9124,0
"1002",4224,9134,0
"1003",4224,9224,0
"1004",4224,9234,0
"1005",4224,9324,0
"1006",4224,9424,0
"1007",4224,10124,0
"1008",4224,10134,0
"1009",4224,10234,0
"1010",4224,10324,0
"1011",4224,10424,0
"1012",4234,2124,0
"1013",4234,2134,0
"1014",4234,2234,0
"1015",4234,2324,0
"1016",4234,2424,0
"1017",4234,3124,0
"1018",4234,3134,0
"1019",4234,3224,0
"1020",4234,3234,0
"1021",4234,3324,0
"1022",4234,3424,0
"1023",4234,4124,0
"1024",4234,4134,0
"1025",4234,4324,0
"1026",4234,4424,0
"1027",4234,5124,0
"1028",4234,5134,0
"1029",4234,5224,0
"1030",4234,5234,0
"1031",4234,5324,0
"1032",4234,5424,0
"1033",4234,7124,0
"1034",4234,7134,0
"1035",4234,7224,0
"1036",4234,7234,0
"1037",4234,7324,0
"1038",4234,7424,0
"1039",4234,8124,0
"1040",4234,8224,0
"1041",4234,8324,0
"1042",4234,8424,0
"1043",4234,9124,0
"1044",4234,9134,0
"1045",4234,9224,0
"1046",4234,9234,0
"1047",4234,9324,0
"1048",4234,9424,0
"1049",4234,10124,0
"1050",4234,10134,0
"1051",4234,10234,0
"1052",4234,10324,0
"1053",4234,10424,0
"1054",4324,2124,0
"1055",4324,2134,0
"1056",4324,2224,0
"1057",4324,2234,0
"1058",4324,2424,0
"1059",4324,3124,0
"1060",4324,3134,0
"1061",4324,3224,0
"1062",4324,3234,0
"1063",4324,3424,0
"1064",4324,4124,0
"1065",4324,4134,0
"1066",4324,4224,0
"1067",4324,4234,0
"1068",4324,4424,0
"1069",4324,5124,0
"1070",4324,5134,0
"1071",4324,5224,0
"1072",4324,5234,0
"1073",4324,5424,0
"1074",4324,7124,0
"1075",4324,7134,0
"1076",4324,7224,0
"1077",4324,7234,0
"1078",4324,7424,0
"1079",4324,8124,0
"1080",4324,8224,0
"1081",4324,8424,0
"1082",4324,9124,0
"1083",4324,9134,0
"1084",4324,9224,0
"1085",4324,9234,0
"1086",4324,9324,0
"1087",4324,9424,0
"1088",4324,10124,0
"1089",4324,10134,0
"1090",4324,10224,0
"1091",4324,10234,0
"1092",4324,10424,0
"1093",4334,2124,0
"1094",4334,2134,0
"1095",4334,2224,0
"1096",4334,2234,0
"1097",4334,2324,0
"1098",4334,2424,0
"1099",4334,3124,0
"1100",4334,3134,0
"1101",4334,3224,0
"1102",4334,3234,0
"1103",4334,3324,0
"1104",4334,3424,0
"1105",4334,4124,0
"1106",4334,4134,0
"1107",4334,4224,0
"1108",4334,4234,0
"1109",4334,4424,0
"1110",4334,5124,0
"1111",4334,5134,0
"1112",4334,5224,0
"1113",4334,5234,0
"1114",4334,5424,0
"1115",4334,7124,0
"1116",4334,7134,0
"1117",4334,7224,0
"1118",4334,7234,0
"1119",4334,7424,0
"1120",4334,8124,0
"1121",4334,8224,0
"1122",4334,8424,0
"1123",4334,9124,0
"1124",4334,9134,0
"1125",4334,9224,0
"1126",4334,9234,0
"1127",4334,9324,0
"1128",4334,9424,0
"1129",4334,10124,0
"1130",4334,10134,0
"1131",4334,10224,0
"1132",4334,10234,0
"1133",4334,10324,0
"1134",4334,10424,0
"1135",4424,2124,0
"1136",4424,2134,0
"1137",4424,2224,0
"1138",4424,2234,0
"1139",4424,2324,0
"1140",4424,3124,0
"1141",4424,3134,0
"1142",4424,3224,0
"1143",4424,3234,0
"1144",4424,3324,0
"1145",4424,3424,0
"1146",4424,4124,0
"1147",4424,4134,0
"1148",4424,4224,0
"1149",4424,4234,0
"1150",4424,4324,0
"1151",4424,5124,0
"1152",4424,5134,0
"1153",4424,5224,0
"1154",4424,5234,0
"1155",4424,5324,0
"1156",4424,7124,0
"1157",4424,7134,0
"1158",4424,7224,0
"1159",4424,7234,0
"1160",4424,7324,0
"1161",4424,8124,0
"1162",4424,8224,0
"1163",4424,8324,0
"1164",4424,9124,0
"1165",4424,9134,0
"1166",4424,9224,0
"1167",4424,9234,0
"1168",4424,9324,0
"1169",4424,9424,0
"1170",4424,10124,0
"1171",4424,10134,0
"1172",4424,10224,0
"1173",4424,10234,0
"1174",4424,10324,0
"1175",4434,2124,0
"1176",4434,2134,0
"1177",4434,2224,0
"1178",4434,2234,0
"1179",4434,2324,0
"1180",4434,2424,0
"1181",4434,3124,0
"1182",4434,3134,0
"1183",4434,3224,0
"1184",4434,3234,0
"1185",4434,3324,0
"1186",4434,3424,0
"1187",4434,4124,0
"1188",4434,4134,0
"1189",4434,4224,0
"1190",4434,4234,0
"1191",4434,4324,0
"1192",4434,5124,0
"1193",4434,5134,0
"1194",4434,5224,0
"1195",4434,5234,0
"1196",4434,5324,0
"1197",4434,7124,0
"1198",4434,7134,0
"1199",4434,7224,0
"1200",4434,7234,0
"1201",4434,7324,0
"1202",4434,8124,0
"1203",4434,8224,0
"1204",4434,8324,0
"1205",4434,9124,0
"1206",4434,9134,0
"1207",4434,9224,0
"1208",4434,9234,0
"1209",4434,9324,0
"1210",4434,9424,0
"1211",4434,10124,0
"1212",4434,10134,0
"1213",4434,10224,0
"1214",4434,10234,0
"1215",4434,10324,0
"1216",4434,10424,0
"1217",5124,2134,0
"1218",5124,2224,0
"1219",5124,2234,0
"1220",5124,2324,0
"1221",5124,2424,0
"1222",5124,3134,0
"1223",5124,3224,0
"1224",5124,3234,0
"1225",5124,3324,0
"1226",5124,3424,0
"1227",5124,4134,0
"1228",5124,4224,0
"1229",5124,4234,0
"1230",5124,4324,0
"1231",5124,4424,0
"1232",5124,5134,0
"1233",5124,5224,0
"1234",5124,5234,0
"1235",5124,5324,0
"1236",5124,5424,0
"1237",5124,7134,0
"1238",5124,7224,0
"1239",5124,7234,0
"1240",5124,7324,0
"1241",5124,7424,0
"1242",5124,8224,0
"1243",5124,8324,0
"1244",5124,8424,0
"1245",5124,9134,0
"1246",5124,9224,0
"1247",5124,9234,0
"1248",5124,9324,0
"1249",5124,9424,0
"1250",5124,10134,0
"1251",5124,10224,0
"1252",5124,10234,0
"1253",5124,10324,0
"1254",5124,10424,0
"1255",5134,2124,0
"1256",5134,2134,0
"1257",5134,2224,0
"1258",5134,2234,0
"1259",5134,2324,0
"1260",5134,2424,0
"1261",5134,3124,0
"1262",5134,3134,0
"1263",5134,3224,0
"1264",5134,3234,0
"1265",5134,3324,0
"1266",5134,3424,0
"1267",5134,4124,0
"1268",5134,4224,0
"1269",5134,4234,0
"1270",5134,4324,0
"1271",5134,4424,0
"1272",5134,5224,0
"1273",5134,5234,0
"1274",5134,5324,0
"1275",5134,5424,0
"1276",5134,7124,0
"1277",5134,7224,0
"1278",5134,7234,0
"1279",5134,7324,0
"1280",5134,7424,0
"1281",5134,8124,0
"1282",5134,8224,0
"1283",5134,8324,0
"1284",5134,8424,0
"1285",5134,9124,0
"1286",5134,9134,0
"1287",5134,9224,0
"1288",5134,9234,0
"1289",5134,9324,0
"1290",5134,9424,0
"1291",5134,10124,0
"1292",5134,10224,0
"1293",5134,10234,0
"1294",5134,10324,0
"1295",5134,10424,0
"1296",5224,2124,0
"1297",5224,2134,0
"1298",5224,2234,0
"1299",5224,2324,0
"1300",5224,2424,0
"1301",5224,3124,0
"1302",5224,3134,0
"1303",5224,3234,0
"1304",5224,3324,0
"1305",5224,3424,0
"1306",5224,4124,0
"1307",5224,4134,0
"1308",5224,4234,0
"1309",5224,4324,0
"1310",5224,4424,0
"1311",5224,5124,0
"1312",5224,5134,0
"1313",5224,5234,0
"1314",5224,5324,0
"1315",5224,5424,0
"1316",5224,7124,0
"1317",5224,7134,0
"1318",5224,7234,0
"1319",5224,7324,0
"1320",5224,7424,0
"1321",5224,8124,0
"1322",5224,8324,0
"1323",5224,8424,0
"1324",5224,9124,0
"1325",5224,9134,0
"1326",5224,9234,0
"1327",5224,9324,0
"1328",5224,9424,0
"1329",5224,10124,0
"1330",5224,10134,0
"1331",5224,10234,0
"1332",5224,10324,0
"1333",5224,10424,0
"1334",5234,2124,0
"1335",5234,2134,0
"1336",5234,2234,0
"1337",5234,2324,0
"1338",5234,2424,0
"1339",5234,3124,0
"1340",5234,3134,0
"1341",5234,3224,0
"1342",5234,3324,0
"1343",5234,3424,0
"1344",5234,4124,0
"1345",5234,4134,0
"1346",5234,4224,0
"1347",5234,4234,0
"1348",5234,4324,0
"1349",5234,4424,0
"1350",5234,5124,0
"1351",5234,5134,0
"1352",5234,5324,0
"1353",5234,5424,0
"1354",5234,7124,0
"1355",5234,7134,0
"1356",5234,7224,0
"1357",5234,7234,0
"1358",5234,7324,0
"1359",5234,7424,0
"1360",5234,8124,0
"1361",5234,8224,0
"1362",5234,8324,0
"1363",5234,8424,0
"1364",5234,9124,0
"1365",5234,9134,0
"1366",5234,9224,0
"1367",5234,9234,0
"1368",5234,9324,0
"1369",5234,9424,0
"1370",5234,10124,0
"1371",5234,10134,0
"1372",5234,10224,0
"1373",5234,10324,0
"1374",5234,10424,0
"1375",5324,2124,0
"1376",5324,2134,0
"1377",5324,2224,0
"1378",5324,2234,0
"1379",5324,2424,0
"1380",5324,3124,0
"1381",5324,3134,0
"1382",5324,3224,0
"1383",5324,3234,0
"1384",5324,3424,0
"1385",5324,4124,0
"1386",5324,4134,0
"1387",5324,4224,0
"1388",5324,4234,0
"1389",5324,4424,0
"1390",5324,5124,0
"1391",5324,5134,0
"1392",5324,5224,0
"1393",5324,5234,0
"1394",5324,5424,0
"1395",5324,7124,0
"1396",5324,7134,0
"1397",5324,7224,0
"1398",5324,7234,0
"1399",5324,7424,0
"1400",5324,8124,0
"1401",5324,8224,0
"1402",5324,8424,0
"1403",5324,9124,0
"1404",5324,9134,0
"1405",5324,9224,0
"1406",5324,9234,0
"1407",5324,9424,0
"1408",5324,10124,0
"1409",5324,10134,0
"1410",5324,10224,0
"1411",5324,10234,0
"1412",5324,10424,0
"1413",5334,2124,0
"1414",5334,2134,0
"1415",5334,2224,0
"1416",5334,2234,0
"1417",5334,2324,0
"1418",5334,2424,0
"1419",5334,3124,0
"1420",5334,3134,0
"1421",5334,3224,0
"1422",5334,3234,0
"1423",5334,3324,0
"1424",5334,3424,0
"1425",5334,4124,0
"1426",5334,4134,0
"1427",5334,4224,0
"1428",5334,4234,0
"1429",5334,4424,0
"1430",5334,5124,0
"1431",5334,5134,0
"1432",5334,5224,0
"1433",5334,5234,0
"1434",5334,5424,0
"1435",5334,7124,0
"1436",5334,7134,0
"1437",5334,7224,0
"1438",5334,7234,0
"1439",5334,7424,0
"1440",5334,8124,0
"1441",5334,8224,0
"1442",5334,8424,0
"1443",5334,9124,0
"1444",5334,9134,0
"1445",5334,9224,0
"1446",5334,9234,0
"1447",5334,9424,0
"1448",5334,10124,0
"1449",5334,10134,0
"1450",5334,10224,0
"1451",5334,10234,0
"1452",5334,10424,0
"1453",5424,2124,0
"1454",5424,2134,0
"1455",5424,2224,0
"1456",5424,2234,0
"1457",5424,2324,0
"1458",5424,3124,0
"1459",5424,3134,0
"1460",5424,3224,0
"1461",5424,3234,0
"1462",5424,3324,0
"1463",5424,4124,0
"1464",5424,4134,0
"1465",5424,4224,0
"1466",5424,4234,0
"1467",5424,4324,0
"1468",5424,5124,0
"1469",5424,5134,0
"1470",5424,5224,0
"1471",5424,5234,0
"1472",5424,5324,0
"1473",5424,7124,0
"1474",5424,7134,0
"1475",5424,7224,0
"1476",5424,7234,0
"1477",5424,7324,0
"1478",5424,8124,0
"1479",5424,8224,0
"1480",5424,8324,0
"1481",5424,9124,0
"1482",5424,9134,0
"1483",5424,9224,0
"1484",5424,9234,0
"1485",5424,9324,0
"1486",5424,10124,0
"1487",5424,10134,0
"1488",5424,10224,0
"1489",5424,10234,0
"1490",5424,10324,0
"1491",5434,2124,0
"1492",5434,2134,0
"1493",5434,2224,0
"1494",5434,2234,0
"1495",5434,2324,0
"1496",5434,3124,0
"1497",5434,3134,0
"1498",5434,3224,0
"1499",5434,3234,0
"1500",5434,3324,0
"1501",5434,3424,0
"1502",5434,4124,0
"1503",5434,4134,0
"1504",5434,4224,0
"1505",5434,4234,0
"1506",5434,4324,0
"1507",5434,4424,0
"1508",5434,5124,0
"1509",5434,5134,0
"1510",5434,5224,0
"1511",5434,5234,0
"1512",5434,5324,0
"1513",5434,7124,0
"1514",5434,7134,0
"1515",5434,7224,0
"1516",5434,7234,0
"1517",5434,7324,0
"1518",5434,8124,0
"1519",5434,8224,0
"1520",5434,8324,0
"1521",5434,9124,0
"1522",5434,9134,0
"1523",5434,9224,0
"1524",5434,9234,0
"1525",5434,9324,0
"1526",5434,9424,0
"1527",5434,10124,0
"1528",5434,10134,0
"1529",5434,10224,0
"1530",5434,10234,0
"1531",5434,10324,0
"1532",7124,2134,0
"1533",7124,2224,0
"1534",7124,2234,0
"1535",7124,2324,0
"1536",7124,2424,0
"1537",7124,3134,0
"1538",7124,3224,0
"1539",7124,3234,0
"1540",7124,3324,0
"1541",7124,3424,0
"1542",7124,4134,0
"1543",7124,4224,0
"1544",7124,4234,0
"1545",7124,4324,0
"1546",7124,4424,0
"1547",7124,5134,0
"1548",7124,5224,0
"1549",7124,5234,0
"1550",7124,5324,0
"1551",7124,5424,0
"1552",7124,7134,0
"1553",7124,7224,0
"1554",7124,7234,0
"1555",7124,7324,0
"1556",7124,7424,0
"1557",7124,8224,0
"1558",7124,8324,0
"1559",7124,8424,0
"1560",7124,9134,0
"1561",7124,9224,0
"1562",7124,9234,0
"1563",7124,9324,0
"1564",7124,9424,0
"1565",7124,10134,0
"1566",7124,10224,0
"1567",7124,10234,0
"1568",7124,10324,0
"1569",7124,10424,0
"1570",7134,2124,0
"1571",7134,2134,0
"1572",7134,2224,0
"1573",7134,2234,0
"1574",7134,2324,0
"1575",7134,2424,0
"1576",7134,3124,0
"1577",7134,3134,0
"1578",7134,3224,0
"1579",7134,3234,0
"1580",7134,3324,0
"1581",7134,3424,0
"1582",7134,4124,0
"1583",7134,4134,0
"1584",7134,4224,0
"1585",7134,4234,0
"1586",7134,4324,0
"1587",7134,4424,0
"1588",7134,5124,0
"1589",7134,5224,0
"1590",7134,5234,0
"1591",7134,5324,0
"1592",7134,5424,0
"1593",7134,7224,0
"1594",7134,7234,0
"1595",7134,7324,0
"1596",7134,7424,0
"1597",7134,8124,0
"1598",7134,8224,0
"1599",7134,8324,0
"1600",7134,8424,0
"1601",7134,9124,0
"1602",7134,9134,0
"1603",7134,9224,0
"1604",7134,9234,0
"1605",7134,9324,0
"1606",7134,9424,0
"1607",7134,10124,0
"1608",7134,10224,0
"1609",7134,10234,0
"1610",7134,10324,0
"1611",7134,10424,0
"1612",7224,2124,0
"1613",7224,2134,0
"1614",7224,2234,0
"1615",7224,2324,0
"1616",7224,2424,0
"1617",7224,3124,0
"1618",7224,3134,0
"1619",7224,3234,0
"1620",7224,3324,0
"1621",7224,3424,0
"1622",7224,4124,0
"1623",7224,4134,0
"1624",7224,4234,0
"1625",7224,4324,0
"1626",7224,4424,0
"1627",7224,5124,0
"1628",7224,5134,0
"1629",7224,5234,0
"1630",7224,5324,0
"1631",7224,5424,0
"1632",7224,7124,0
"1633",7224,7134,0
"1634",7224,7234,0
"1635",7224,7324,0
"1636",7224,7424,0
"1637",7224,8124,0
"1638",7224,8324,0
"1639",7224,8424,0
"1640",7224,9124,0
"1641",7224,9134,0
"1642",7224,9234,0
"1643",7224,9324,0
"1644",7224,9424,0
"1645",7224,10124,0
"1646",7224,10134,0
"1647",7224,10234,0
"1648",7224,10324,0
"1649",7224,10424,0
"1650",7234,2124,0
"1651",7234,2134,0
"1652",7234,2234,0
"1653",7234,2324,0
"1654",7234,2424,0
"1655",7234,3124,0
"1656",7234,3134,0
"1657",7234,3224,0
"1658",7234,3324,0
"1659",7234,3424,0
"1660",7234,4124,0
"1661",7234,4134,0
"1662",7234,4224,0
"1663",7234,4234,0
"1664",7234,4324,0
"1665",7234,4424,0
"1666",7234,5124,0
"1667",7234,5134,0
"1668",7234,5224,0
"1669",7234,5234,0
"1670",7234,5324,0
"1671",7234,5424,0
"1672",7234,7124,0
"1673",7234,7134,0
"1674",7234,7324,0
"1675",7234,7424,0
"1676",7234,8124,0
"1677",7234,8224,0
"1678",7234,8324,0
"1679",7234,8424,0
"1680",7234,9124,0
"1681",7234,9134,0
"1682",7234,9224,0
"1683",7234,9234,0
"1684",7234,9324,0
"1685",7234,9424,0
"1686",7234,10124,0
"1687",7234,10134,0
"1688",7234,10224,0
"1689",7234,10234,0
"1690",7234,10324,0
"1691",7234,10424,0
"1692",7324,2124,0
"1693",7324,2134,0
"1694",7324,2224,0
"1695",7324,2234,0
"1696",7324,2424,0
"1697",7324,3124,0
"1698",7324,3134,0
"1699",7324,3224,0
"1700",7324,3234,0
"1701",7324,3424,0
"1702",7324,4124,0
"1703",7324,4134,0
"1704",7324,4224,0
"1705",7324,4234,0
"1706",7324,4424,0
"1707",7324,5124,0
"1708",7324,5134,0
"1709",7324,5224,0
"1710",7324,5234,0
"1711",7324,5424,0
"1712",7324,7124,0
"1713",7324,7134,0
"1714",7324,7224,0
"1715",7324,7234,0
"1716",7324,7424,0
"1717",7324,8124,0
"1718",7324,8224,0
"1719",7324,8424,0
"1720",7324,9124,0
"1721",7324,9134,0
"1722",7324,9224,0
"1723",7324,9234,0
"1724",7324,9424,0
"1725",7324,10124,0
"1726",7324,10134,0
"1727",7324,10224,0
"1728",7324,10234,0
"1729",7324,10424,0
"1730",7334,2124,0
"1731",7334,2134,0
"1732",7334,2224,0
"1733",7334,2234,0
"1734",7334,2324,0
"1735",7334,2424,0
"1736",7334,3124,0
"1737",7334,3134,0
"1738",7334,3224,0
"1739",7334,3234,0
"1740",7334,3324,0
"1741",7334,3424,0
"1742",7334,4124,0
"1743",7334,4134,0
"1744",7334,4224,0
"1745",7334,4234,0
"1746",7334,4424,0
"1747",7334,5124,0
"1748",7334,5134,0
"1749",7334,5224,0
"1750",7334,5234,0
"1751",7334,5424,0
"1752",7334,7124,0
"1753",7334,7134,0
"1754",7334,7224,0
"1755",7334,7234,0
"1756",7334,7424,0
"1757",7334,8124,0
"1758",7334,8224,0
"1759",7334,8324,0
"1760",7334,8424,0
"1761",7334,9124,0
"1762",7334,9134,0
"1763",7334,9224,0
"1764",7334,9234,0
"1765",7334,9324,0
"1766",7334,9424,0
"1767",7334,10124,0
"1768",7334,10134,0
"1769",7334,10224,0
"1770",7334,10234,0
"1771",7334,10424,0
"1772",7424,2124,0
"1773",7424,2134,0
"1774",7424,2224,0
"1775",7424,2234,0
"1776",7424,2324,0
"1777",7424,3124,0
"1778",7424,3134,0
"1779",7424,3224,0
"1780",7424,3234,0
"1781",7424,3324,0
"1782",7424,4124,0
"1783",7424,4134,0
"1784",7424,4224,0
"1785",7424,4234,0
"1786",7424,4324,0
"1787",7424,5124,0
"1788",7424,5134,0
"1789",7424,5224,0
"1790",7424,5234,0
"1791",7424,5324,0
"1792",7424,7124,0
"1793",7424,7134,0
"1794",7424,7224,0
"1795",7424,7234,0
"1796",7424,7324,0
"1797",7424,8124,0
"1798",7424,8224,0
"1799",7424,8324,0
"1800",7424,9124,0
"1801",7424,9134,0
"1802",7424,9224,0
"1803",7424,9234,0
"1804",7424,9324,0
"1805",7424,10124,0
"1806",7424,10134,0
"1807",7424,10224,0
"1808",7424,10234,0
"1809",7424,10324,0
"1810",7434,2124,0
"1811",7434,2134,0
"1812",7434,2224,0
"1813",7434,2234,0
"1814",7434,2324,0
"1815",7434,2424,0
"1816",7434,3124,0
"1817",7434,3134,0
"1818",7434,3224,0
"1819",7434,3234,0
"1820",7434,3324,0
"1821",7434,3424,0
"1822",7434,4124,0
"1823",7434,4134,0
"1824",7434,4224,0
"1825",7434,4234,0
"1826",7434,4324,0
"1827",7434,5124,0
"1828",7434,5134,0
"1829",7434,5224,0
"1830",7434,5234,0
"1831",7434,5324,0
"1832",7434,7124,0
"1833",7434,7134,0
"1834",7434,7224,0
"1835",7434,7234,0
"1836",7434,7324,0
"1837",7434,8124,0
"1838",7434,8224,0
"1839",7434,8324,0
"1840",7434,9124,0
"1841",7434,9134,0
"1842",7434,9224,0
"1843",7434,9234,0
"1844",7434,9324,0
"1845",7434,9424,0
"1846",7434,10124,0
"1847",7434,10134,0
"1848",7434,10224,0
"1849",7434,10234,0
"1850",7434,10324,0
"1851",7434,10424,0
"1852",8124,2134,0
"1853",8124,2224,0
"1854",8124,2234,0
"1855",8124,2324,0
"1856",8124,2424,0
"1857",8124,3134,0
"1858",8124,3224,0
"1859",8124,3234,0
"1860",8124,3324,0
"1861",8124,3424,0
"1862",8124,4124,0
"1863",8124,4134,0
"1864",8124,4224,0
"1865",8124,4234,0
"1866",8124,4324,0
"1867",8124,4424,0
"1868",8124,5134,0
"1869",8124,5224,0
"1870",8124,5234,0
"1871",8124,5324,0
"1872",8124,5424,0
"1873",8124,7134,0
"1874",8124,7224,0
"1875",8124,7234,0
"1876",8124,7324,0
"1877",8124,7424,0
"1878",8124,8224,0
"1879",8124,8324,0
"1880",8124,8424,0
"1881",8124,9134,0
"1882",8124,9224,0
"1883",8124,9234,0
"1884",8124,9324,0
"1885",8124,9424,0
"1886",8124,10134,0
"1887",8124,10224,0
"1888",8124,10234,0
"1889",8124,10324,0
"1890",8124,10424,0
"1891",8224,2124,0
"1892",8224,2134,0
"1893",8224,2234,0
"1894",8224,2324,0
"1895",8224,2424,0
"1896",8224,3124,0
"1897",8224,3134,0
"1898",8224,3234,0
"1899",8224,3324,0
"1900",8224,3424,0
"1901",8224,4124,0
"1902",8224,4134,0
"1903",8224,4234,0
"1904",8224,4324,0
"1905",8224,4424,0
"1906",8224,5124,0
"1907",8224,5134,0
"1908",8224,5234,0
"1909",8224,5324,0
"1910",8224,5424,0
"1911",8224,7124,0
"1912",8224,7134,0
"1913",8224,7234,0
"1914",8224,7324,0
"1915",8224,7424,0
"1916",8224,8124,0
"1917",8224,8324,0
"1918",8224,8424,0
"1919",8224,9124,0
"1920",8224,9134,0
"1921",8224,9234,0
"1922",8224,9324,0
"1923",8224,9424,0
"1924",8224,10124,0
"1925",8224,10134,0
"1926",8224,10234,0
"1927",8224,10324,0
"1928",8224,10424,0
"1929",8234,2124,0
"1930",8234,2134,0
"1931",8234,2234,0
"1932",8234,2324,0
"1933",8234,2424,0
"1934",8234,3124,0
"1935",8234,3134,0
"1936",8234,3224,0
"1937",8234,3234,0
"1938",8234,3324,0
"1939",8234,3424,0
"1940",8234,4124,0
"1941",8234,4134,0
"1942",8234,4234,0
"1943",8234,4324,0
"1944",8234,4424,0
"1945",8234,5124,0
"1946",8234,5134,0
"1947",8234,5234,0
"1948",8234,5324,0
"1949",8234,5424,0
"1950",8234,7124,0
"1951",8234,7134,0
"1952",8234,7224,0
"1953",8234,7234,0
"1954",8234,7324,0
"1955",8234,7424,0
"1956",8234,8124,0
"1957",8234,8324,0
"1958",8234,8424,0
"1959",8234,9124,0
"1960",8234,9134,0
"1961",8234,9224,0
"1962",8234,9234,0
"1963",8234,9324,0
"1964",8234,9424,0
"1965",8234,10124,0
"1966",8234,10134,0
"1967",8234,10224,0
"1968",8234,10234,0
"1969",8234,10324,0
"1970",8234,10424,0
"1971",8324,2124,0
"1972",8324,2134,0
"1973",8324,2224,0
"1974",8324,2234,0
"1975",8324,2324,0
"1976",8324,2424,0
"1977",8324,3124,0
"1978",8324,3134,0
"1979",8324,3224,0
"1980",8324,3234,0
"1981",8324,3324,0
"1982",8324,3424,0
"1983",8324,4124,0
"1984",8324,4134,0
"1985",8324,4224,0
"1986",8324,4234,0
"1987",8324,4424,0
"1988",8324,5124,0
"1989",8324,5134,0
"1990",8324,5224,0
"1991",8324,5234,0
"1992",8324,5424,0
"1993",8324,7124,0
"1994",8324,7134,0
"1995",8324,7224,0
"1996",8324,7234,0
"1997",8324,7424,0
"1998",8324,8124,0
"1999",8324,8224,0
"2000",8324,8424,0
"2001",8324,9124,0
"2002",8324,9134,0
"2003",8324,9224,0
"2004",8324,9234,0
"2005",8324,9424,0
"2006",8324,10124,0
"2007",8324,10134,0
"2008",8324,10224,0
"2009",8324,10234,0
"2010",8324,10324,0
"2011",8324,10424,0
"2012",8334,2124,0
"2013",8334,2134,0
"2014",8334,2224,0
"2015",8334,2234,0
"2016",8334,2324,0
"2017",8334,2424,0
"2018",8334,3124,0
"2019",8334,3134,0
"2020",8334,3224,0
"2021",8334,3234,0
"2022",8334,3324,0
"2023",8334,3424,0
"2024",8334,4124,0
"2025",8334,4134,0
"2026",8334,4224,0
"2027",8334,4234,0
"2028",8334,4424,0
"2029",8334,5124,0
"2030",8334,5134,0
"2031",8334,5224,0
"2032",8334,5234,0
"2033",8334,5424,0
"2034",8334,7124,0
"2035",8334,7134,0
"2036",8334,7224,0
"2037",8334,7234,0
"2038",8334,7424,0
"2039",8334,8124,0
"2040",8334,8224,0
"2041",8334,8424,0
"2042",8334,9124,0
"2043",8334,9134,0
"2044",8334,9224,0
"2045",8334,9234,0
"2046",8334,9324,0
"2047",8334,9424,0
"2048",8334,10124,0
"2049",8334,10134,0
"2050",8334,10224,0
"2051",8334,10234,0
"2052",8334,10324,0
"2053",8334,10424,0
"2054",8424,2124,0
"2055",8424,2134,0
"2056",8424,2224,0
"2057",8424,2234,0
"2058",8424,2324,0
"2059",8424,3124,0
"2060",8424,3134,0
"2061",8424,3224,0
"2062",8424,3234,0
"2063",8424,3324,0
"2064",8424,3424,0
"2065",8424,4124,0
"2066",8424,4134,0
"2067",8424,4224,0
"2068",8424,4234,0
"2069",8424,4324,0
"2070",8424,5124,0
"2071",8424,5134,0
"2072",8424,5224,0
"2073",8424,5234,0
"2074",8424,5324,0
"2075",8424,7124,0
"2076",8424,7134,0
"2077",8424,7224,0
"2078",8424,7234,0
"2079",8424,7324,0
"2080",8424,8124,0
"2081",8424,8224,0
"2082",8424,8324,0
"2083",8424,9124,0
"2084",8424,9134,0
"2085",8424,9224,0
"2086",8424,9234,0
"2087",8424,9324,0
"2088",8424,10124,0
"2089",8424,10134,0
"2090",8424,10224,0
"2091",8424,10234,0
"2092",8424,10324,0
"2093",8424,10424,0
"2094",8434,2124,0
"2095",8434,2134,0
"2096",8434,2224,0
"2097",8434,2234,0
"2098",8434,2324,0
"2099",8434,2424,0
"2100",8434,3124,0
"2101",8434,3134,0
"2102",8434,3224,0
"2103",8434,3234,0
"2104",8434,3324,0
"2105",8434,3424,0
"2106",8434,4124,0
"2107",8434,4134,0
"2108",8434,4224,0
"2109",8434,4234,0
"2110",8434,4324,0
"2111",8434,5124,0
"2112",8434,5134,0
"2113",8434,5224,0
"2114",8434,5234,0
"2115",8434,5324,0
"2116",8434,7124,0
"2117",8434,7134,0
"2118",8434,7224,0
"2119",8434,7234,0
"2120",8434,7324,0
"2121",8434,7424,0
"2122",8434,8124,0
"2123",8434,8224,0
"2124",8434,8324,0
"2125",8434,9124,0
"2126",8434,9134,0
"2127",8434,9224,0
"2128",8434,9234,0
"2129",8434,9324,0
"2130",8434,9424,0
"2131",8434,10124,0
"2132",8434,10134,0
"2133",8434,10224,0
"2134",8434,10234,0
"2135",8434,10324,0
"2136",8434,10424,0
"2137",9124,2134,0
"2138",9124,2224,0
"2139",9124,2234,0
"2140",9124,2324,0
"2141",9124,2424,0
"2142",9124,3134,0
"2143",9124,3224,0
"2144",9124,3234,0
"2145",9124,3324,0
"2146",9124,3424,0
"2147",9124,4124,0
"2148",9124,4134,0
"2149",9124,4224,0
"2150",9124,4234,0
"2151",9124,4324,0
"2152",9124,4424,0
"2153",9124,5134,0
"2154",9124,5224,0
"2155",9124,5234,0
"2156",9124,5324,0
"2157",9124,5424,0
"2158",9124,7134,0
"2159",9124,7224,0
"2160",9124,7234,0
"2161",9124,7324,0
"2162",9124,7424,0
"2163",9124,8224,0
"2164",9124,8324,0
"2165",9124,8424,0
"2166",9124,9134,0
"2167",9124,9224,0
"2168",9124,9234,0
"2169",9124,9324,0
"2170",9124,9424,0
"2171",9124,10134,0
"2172",9124,10224,0
"2173",9124,10234,0
"2174",9124,10324,0
"2175",9124,10424,0
"2176",9134,2124,0
"2177",9134,2134,0
"2178",9134,2224,0
"2179",9134,2234,0
"2180",9134,2324,0
"2181",9134,2424,0
"2182",9134,3124,0
"2183",9134,3134,0
"2184",9134,3224,0
"2185",9134,3234,0
"2186",9134,3324,0
"2187",9134,3424,0
"2188",9134,4124,0
"2189",9134,4134,0
"2190",9134,4224,0
"2191",9134,4234,0
"2192",9134,4324,0
"2193",9134,4424,0
"2194",9134,5124,0
"2195",9134,5134,0
"2196",9134,5224,0
"2197",9134,5234,0
"2198",9134,5324,0
"2199",9134,5424,0
"2200",9134,7124,0
"2201",9134,7134,0
"2202",9134,7224,0
"2203",9134,7234,0
"2204",9134,7324,0
"2205",9134,7424,0
"2206",9134,8124,0
"2207",9134,8224,0
"2208",9134,8324,0
"2209",9134,8424,0
"2210",9134,9224,0
"2211",9134,9234,0
"2212",9134,9324,0
"2213",9134,9424,0
"2214",9134,10124,0
"2215",9134,10134,0
"2216",9134,10224,0
"2217",9134,10234,0
"2218",9134,10324,0
"2219",9134,10424,0
"2220",9224,2124,0
"2221",9224,2134,0
"2222",9224,2234,0
"2223",9224,2324,0
"2224",9224,2424,0
"2225",9224,3124,0
"2226",9224,3134,0
"2227",9224,3234,0
"2228",9224,3324,0
"2229",9224,3424,0
"2230",9224,4124,0
"2231",9224,4134,0
"2232",9224,4224,0
"2233",9224,4234,0
"2234",9224,4324,0
"2235",9224,4424,0
"2236",9224,5124,0
"2237",9224,5134,0
"2238",9224,5234,0
"2239",9224,5324,0
"2240",9224,5424,0
"2241",9224,7124,0
"2242",9224,7134,0
"2243",9224,7234,0
"2244",9224,7324,0
"2245",9224,7424,0
"2246",9224,8124,0
"2247",9224,8324,0
"2248",9224,8424,0
"2249",9224,9124,0
"2250",9224,9134,0
"2251",9224,9234,0
"2252",9224,9324,0
"2253",9224,9424,0
"2254",9224,10124,0
"2255",9224,10134,0
"2256",9224,10234,0
"2257",9224,10324,0
"2258",9224,10424,0
"2259",9234,2124,0
"2260",9234,2134,0
"2261",9234,2224,0
"2262",9234,2234,0
"2263",9234,2324,0
"2264",9234,2424,0
"2265",9234,3124,0
"2266",9234,3134,0
"2267",9234,3224,0
"2268",9234,3234,0
"2269",9234,3324,0
"2270",9234,3424,0
"2271",9234,4124,0
"2272",9234,4134,0
"2273",9234,4224,0
"2274",9234,4234,0
"2275",9234,4324,0
"2276",9234,4424,0
"2277",9234,5124,0
"2278",9234,5134,0
"2279",9234,5224,0
"2280",9234,5234,0
"2281",9234,5324,0
"2282",9234,5424,0
"2283",9234,7124,0
"2284",9234,7134,0
"2285",9234,7224,0
"2286",9234,7234,0
"2287",9234,7324,0
"2288",9234,7424,0
"2289",9234,8124,0
"2290",9234,8224,0
"2291",9234,8324,0
"2292",9234,8424,0
"2293",9234,9124,0
"2294",9234,9134,0
"2295",9234,9324,0
"2296",9234,9424,0
"2297",9234,10124,0
"2298",9234,10134,0
"2299",9234,10224,0
"2300",9234,10234,0
"2301",9234,10324,0
"2302",9234,10424,0
"2303",9324,2124,0
"2304",9324,2134,0
"2305",9324,2224,0
"2306",9324,2234,0
"2307",9324,2324,0
"2308",9324,2424,0
"2309",9324,3124,0
"2310",9324,3134,0
"2311",9324,3224,0
"2312",9324,3234,0
"2313",9324,3324,0
"2314",9324,3424,0
"2315",9324,4124,0
"2316",9324,4134,0
"2317",9324,4224,0
"2318",9324,4234,0
"2319",9324,4324,0
"2320",9324,4424,0
"2321",9324,5124,0
"2322",9324,5134,0
"2323",9324,5224,0
"2324",9324,5234,0
"2325",9324,5424,0
"2326",9324,7124,0
"2327",9324,7134,0
"2328",9324,7224,0
"2329",9324,7234,0
"2330",9324,7424,0
"2331",9324,8124,0
"2332",9324,8224,0
"2333",9324,8324,0
"2334",9324,8424,0
"2335",9324,9124,0
"2336",9324,9134,0
"2337",9324,9224,0
"2338",9324,9234,0
"2339",9324,9424,0
"2340",9324,10124,0
"2341",9324,10134,0
"2342",9324,10224,0
"2343",9324,10234,0
"2344",9324,10424,0
"2345",9334,2124,0
"2346",9334,2134,0
"2347",9334,2224,0
"2348",9334,2234,0
"2349",9334,2324,0
"2350",9334,2424,0
"2351",9334,3124,0
"2352",9334,3134,0
"2353",9334,3224,0
"2354",9334,3234,0
"2355",9334,3324,0
"2356",9334,3424,0
"2357",9334,4124,0
"2358",9334,4134,0
"2359",9334,4224,0
"2360",9334,4234,0
"2361",9334,4324,0
"2362",9334,4424,0
"2363",9334,5124,0
"2364",9334,5134,0
"2365",9334,5224,0
"2366",9334,5234,0
"2367",9334,5324,0
"2368",9334,5424,0
"2369",9334,7124,0
"2370",9334,7134,0
"2371",9334,7224,0
"2372",9334,7234,0
"2373",9334,7324,0
"2374",9334,7424,0
"2375",9334,8124,0
"2376",9334,8224,0
"2377",9334,8324,0
"2378",9334,8424,0
"2379",9334,9124,0
"2380",9334,9134,0
"2381",9334,9224,0
"2382",9334,9234,0
"2383",9334,9424,0
"2384",9334,10124,0
"2385",9334,10134,0
"2386",9334,10224,0
"2387",9334,10234,0
"2388",9334,10324,0
"2389",9334,10424,0
"2390",9424,2124,0
"2391",9424,2134,0
"2392",9424,2224,0
"2393",9424,2234,0
"2394",9424,2324,0
"2395",9424,3124,0
"2396",9424,3134,0
"2397",9424,3224,0
"2398",9424,3234,0
"2399",9424,3324,0
"2400",9424,3424,0
"2401",9424,4124,0
"2402",9424,4134,0
"2403",9424,4224,0
"2404",9424,4234,0
"2405",9424,4324,0
"2406",9424,4424,0
"2407",9424,5124,0
"2408",9424,5134,0
"2409",9424,5224,0
"2410",9424,5234,0
"2411",9424,5324,0
"2412",9424,7124,0
"2413",9424,7134,0
"2414",9424,7224,0
"2415",9424,7234,0
"2416",9424,7324,0
"2417",9424,8124,0
"2418",9424,8224,0
"2419",9424,8324,0
"2420",9424,8424,0
"2421",9424,9124,0
"2422",9424,9134,0
"2423",9424,9224,0
"2424",9424,9234,0
"2425",9424,9324,0
"2426",9424,10124,0
"2427",9424,10134,0
"2428",9424,10224,0
"2429",9424,10234,0
"2430",9424,10324,0
"2431",9434,2124,0
"2432",9434,2134,0
"2433",9434,2224,0
"2434",9434,2234,0
"2435",9434,2324,0
"2436",9434,2424,0
"2437",9434,3124,0
"2438",9434,3134,0
"2439",9434,3224,0
"2440",9434,3234,0
"2441",9434,3324,0
"2442",9434,3424,0
"2443",9434,4124,0
"2444",9434,4134,0
"2445",9434,4224,0
"2446",9434,4234,0
"2447",9434,4324,0
"2448",9434,4424,0
"2449",9434,5124,0
"2450",9434,5134,0
"2451",9434,5224,0
"2452",9434,5234,0
"2453",9434,5324,0
"2454",9434,5424,0
"2455",9434,7124,0
"2456",9434,7134,0
"2457",9434,7224,0
"2458",9434,7234,0
"2459",9434,7324,0
"2460",9434,7424,0
"2461",9434,8124,0
"2462",9434,8224,0
"2463",9434,8324,0
"2464",9434,8424,0
"2465",9434,9124,0
"2466",9434,9134,0
"2467",9434,9224,0
"2468",9434,9234,0
"2469",9434,9324,0
"2470",9434,10124,0
"2471",9434,10134,0
"2472",9434,10224,0
"2473",9434,10234,0
"2474",9434,10324,0
"2475",9434,10424,0
"2476",10124,2124,0
"2477",10124,2134,0
"2478",10124,2224,0
"2479",10124,2234,0
"2480",10124,2324,0
"2481",10124,2424,0
"2482",10124,3134,0
"2483",10124,3224,0
"2484",10124,3234,0
"2485",10124,3324,0
"2486",10124,3424,0
"2487",10124,4134,0
"2488",10124,4224,0
"2489",10124,4234,0
"2490",10124,4324,0
"2491",10124,4424,0
"2492",10124,5134,0
"2493",10124,5224,0
"2494",10124,5234,0
"2495",10124,5324,0
"2496",10124,5424,0
"2497",10124,7134,0
"2498",10124,7224,0
"2499",10124,7234,0
"2500",10124,7324,0
"2501",10124,7424,0
"2502",10124,8124,0
"2503",10124,8224,0
"2504",10124,8324,0
"2505",10124,8424,0
"2506",10124,9134,0
"2507",10124,9224,0
"2508",10124,9234,0
"2509",10124,9324,0
"2510",10124,9424,0
"2511",10124,10134,0
"2512",10124,10224,0
"2513",10124,10234,0
"2514",10124,10324,0
"2515",10124,10424,0
"2516",10134,2124,0
"2517",10134,2134,0
"2518",10134,2224,0
"2519",10134,2234,0
"2520",10134,2324,0
"2521",10134,2424,0
"2522",10134,3124,0
"2523",10134,3134,0
"2524",10134,3224,0
"2525",10134,3234,0
"2526",10134,3324,0
"2527",10134,3424,0
"2528",10134,4124,0
"2529",10134,4134,0
"2530",10134,4224,0
"2531",10134,4234,0
"2532",10134,4324,0
"2533",10134,4424,0
"2534",10134,5124,0
"2535",10134,5224,0
"2536",10134,5234,0
"2537",10134,5324,0
"2538",10134,5424,0
"2539",10134,7124,0
"2540",10134,7224,0
"2541",10134,7234,0
"2542",10134,7324,0
"2543",10134,7424,0
"2544",10134,8124,0
"2545",10134,8224,0
"2546",10134,8324,0
"2547",10134,8424,0
"2548",10134,9124,0
"2549",10134,9134,0
"2550",10134,9224,0
"2551",10134,9234,0
"2552",10134,9324,0
"2553",10134,9424,0
"2554",10134,10124,0
"2555",10134,10224,0
"2556",10134,10234,0
"2557",10134,10324,0
"2558",10134,10424,0
"2559",10224,2124,0
"2560",10224,2134,0
"2561",10224,2234,0
"2562",10224,2324,0
"2563",10224,2424,0
"2564",10224,3124,0
"2565",10224,3134,0
"2566",10224,3234,0
"2567",10224,3324,0
"2568",10224,3424,0
"2569",10224,4124,0
"2570",10224,4134,0
"2571",10224,4234,0
"2572",10224,4324,0
"2573",10224,4424,0
"2574",10224,5124,0
"2575",10224,5134,0
"2576",10224,5234,0
"2577",10224,5324,0
"2578",10224,5424,0
"2579",10224,7124,0
"2580",10224,7134,0
"2581",10224,7234,0
"2582",10224,7324,0
"2583",10224,7424,0
"2584",10224,8124,0
"2585",10224,8324,0
"2586",10224,8424,0
"2587",10224,9124,0
"2588",10224,9134,0
"2589",10224,9234,0
"2590",10224,9324,0
"2591",10224,9424,0
"2592",10224,10124,0
"2593",10224,10134,0
"2594",10224,10234,0
"2595",10224,10324,0
"2596",10224,10424,0
"2597",10234,2124,0
"2598",10234,2134,0
"2599",10234,2224,0
"2600",10234,2234,0
"2601",10234,2324,0
"2602",10234,2424,0
"2603",10234,3124,0
"2604",10234,3134,0
"2605",10234,3224,0
"2606",10234,3324,0
"2607",10234,3424,0
"2608",10234,4124,0
"2609",10234,4134,0
"2610",10234,4224,0
"2611",10234,4324,0
"2612",10234,4424,0
"2613",10234,5124,0
"2614",10234,5134,0
"2615",10234,5224,0
"2616",10234,5324,0
"2617",10234,5424,0
"2618",10234,7124,0
"2619",10234,7134,0
"2620",10234,7224,0
"2621",10234,7324,0
"2622",10234,7424,0
"2623",10234,8124,0
"2624",10234,8224,0
"2625",10234,8324,0
"2626",10234,8424,0
"2627",10234,9124,0
"2628",10234,9134,0
"2629",10234,9224,0
"2630",10234,9324,0
"2631",10234,9424,0
"2632",10234,10124,0
"2633",10234,10134,0
"2634",10234,10324,0
"2635",10234,10424,0
"2636",10324,2124,0
"2637",10324,2134,0
"2638",10324,2224,0
"2639",10324,2234,0
"2640",10324,2324,0
"2641",10324,2424,0
"2642",10324,3124,0
"2643",10324,3134,0
"2644",10324,3224,0
"2645",10324,3234,0
"2646",10324,3324,0
"2647",10324,3424,0
"2648",10324,4124,0
"2649",10324,4134,0
"2650",10324,4224,0
"2651",10324,4234,0
"2652",10324,4424,0
"2653",10324,5124,0
"2654",10324,5134,0
"2655",10324,5224,0
"2656",10324,5234,0
"2657",10324,5324,0
"2658",10324,5424,0
"2659",10324,7124,0
"2660",10324,7134,0
"2661",10324,7224,0
"2662",10324,7234,0
"2663",10324,7424,0
"2664",10324,8124,0
"2665",10324,8224,0
"2666",10324,8324,0
"2667",10324,8424,0
"2668",10324,9124,0
"2669",10324,9134,0
"2670",10324,9224,0
"2671",10324,9234,0
"2672",10324,9324,0
"2673",10324,9424,0
"2674",10324,10124,0
"2675",10324,10134,0
"2676",10324,10224,0
"2677",10324,10234,0
"2678",10324,10424,0
"2679",10334,2124,0
"2680",10334,2134,0
"2681",10334,2224,0
"2682",10334,2234,0
"2683",10334,2324,0
"2684",10334,2424,0
"2685",10334,3124,0
"2686",10334,3134,0
"2687",10334,3224,0
"2688",10334,3234,0
"2689",10334,3324,0
"2690",10334,3424,0
"2691",10334,4124,0
"2692",10334,4134,0
"2693",10334,4224,0
"2694",10334,4234,0
"2695",10334,4324,0
"2696",10334,4424,0
"2697",10334,5124,0
"2698",10334,5134,0
"2699",10334,5224,0
"2700",10334,5234,0
"2701",10334,5324,0
"2702",10334,5424,0
"2703",10334,7124,0
"2704",10334,7134,0
"2705",10334,7224,0
"2706",10334,7234,0
"2707",10334,7424,0
"2708",10334,8124,0
"2709",10334,8224,0
"2710",10334,8324,0
"2711",10334,8424,0
"2712",10334,9124,0
"2713",10334,9134,0
"2714",10334,9224,0
"2715",10334,9234,0
"2716",10334,9324,0
"2717",10334,9424,0
"2718",10334,10124,0
"2719",10334,10134,0
"2720",10334,10224,0
"2721",10334,10234,0
"2722",10334,10424,0
"2723",10424,2124,0
"2724",10424,2134,0
"2725",10424,2224,0
"2726",10424,2234,0
"2727",10424,2324,0
"2728",10424,3124,0
"2729",10424,3134,0
"2730",10424,3224,0
"2731",10424,3234,0
"2732",10424,3324,0
"2733",10424,4124,0
"2734",10424,4134,0
"2735",10424,4224,0
"2736",10424,4234,0
"2737",10424,4324,0
"2738",10424,5124,0
"2739",10424,5134,0
"2740",10424,5224,0
"2741",10424,5234,0
"2742",10424,5324,0
"2743",10424,7124,0
"2744",10424,7134,0
"2745",10424,7224,0
"2746",10424,7234,0
"2747",10424,7324,0
"2748",10424,8124,0
"2749",10424,8224,0
"2750",10424,8324,0
"2751",10424,8424,0
"2752",10424,9124,0
"2753",10424,9134,0
"2754",10424,9224,0
"2755",10424,9234,0
"2756",10424,9324,0
"2757",10424,10124,0
"2758",10424,10134,0
"2759",10424,10224,0
"2760",10424,10234,0
"2761",10424,10324,0
"2762",10434,2124,0
"2763",10434,2134,0
"2764",10434,2224,0
"2765",10434,2234,0
"2766",10434,2324,0
"2767",10434,2424,0
"2768",10434,3124,0
"2769",10434,3134,0
"2770",10434,3224,0
"2771",10434,3234,0
"2772",10434,3324,0
"2773",10434,3424,0
"2774",10434,4124,0
"2775",10434,4134,0
"2776",10434,4224,0
"2777",10434,4234,0
"2778",10434,4324,0
"2779",10434,4424,0
"2780",10434,5124,0
"2781",10434,5134,0
"2782",10434,5224,0
"2783",10434,5234,0
"2784",10434,5324,0
"2785",10434,5424,0
"2786",10434,7124,0
"2787",10434,7134,0
"2788",10434,7224,0
"2789",10434,7234,0
"2790",10434,7324,0
"2791",10434,7424,0
"2792",10434,8124,0
"2793",10434,8224,0
"2794",10434,8324,0
"2795",10434,8424,0
"2796",10434,9124,0
"2797",10434,9134,0
"2798",10434,9224,0
"2799",10434,9234,0
"2800",10434,9324,0
"2801",10434,9424,0
"2802",10434,10124,0
"2803",10434,10134,0
"2804",10434,10224,0
"2805",10434,10234,0
"2806",10434,10324,0
